{"M.Ibrahiem Elturki": {"Eb_Sat2_": {"OCT": 7, "RATIO": 46.666666666666664}, "Eb3_Sun11_Private": {"OCT": 0, "RATIO": 0.0}, "Eb_Sun_4_Private_NO": {"OCT": 10, "RATIO": 38.46153846153847}, "Eb3_Sun_1_ES": {"OCT": 13, "RATIO": 59.09090909090909}, "Eb3_Sun_12": {"OCT": 30, "RATIO": 58.82352941176471}, "Eb_Sun_Private": {"OCT": 0, "RATIO": 0.0}, "Eb_Sat_Private": {"OCT": 7, "RATIO": 38.88888888888889}}, "M.Khaled El_Hosseny": {"Kh_2\u062b_Sat_5-Al": {"OCT": 14, "RATIO": 45.16129032258064}, "Kh_1\u062b_Sat_4_Al": {"OCT": 16, "RATIO": 50.0}, "Kh_1\u062b_sat_6": {"OCT": 7, "RATIO": 38.88888888888889}}, "M.Ahmed El Darwany": {"D3_Sun_1_ES": {"OCT": 10, "RATIO": 52.63157894736842}, "D1_Sun_6_NO": {"OCT": 11, "RATIO": 45.83333333333333}, "D2_Sun_7_NO": {"OCT": 6, "RATIO": 42.857142857142854}, "D1_Sat_7-Al": {"OCT": 10, "RATIO": 58.82352941176471}, "D2_Sat_6_Al": {"OCT": 15, "RATIO": 38.46153846153847}}, "M.Moustafa Abd Al_Karim": {"K2_Sat_4-HA": {"OCT": 26, "RATIO": 55.319148936170215}, "K3-Sat-3": {"OCT": 23, "RATIO": 57.49999999999999}, "K3-Sat-2-Private": {"OCT": 7, "RATIO": 58.333333333333336}}, "M.Mohamed El _Masry": {"Masry_Sun_1_ES": {"OCT": 7, "RATIO": 50.0}, "Masry2_Sat11_Fri1": {"OCT": 0, "RATIO": 0.0}, "Masry_Sun_2": {"OCT": 9, "RATIO": 56.25}}, "M.Ahmed Awny": {"Aw_Sat_Wen_11": {"OCT": 1, "RATIO": 50.0}, "Aw3_Sat_12": "not defined", "Aw_Sat_Wen_12": {"OCT": 3, "RATIO": 37.5}}, "M.Omar Anas": {"Om3_Tus_Thrus_12": {"OCT": 2, "RATIO": 25.0}}, "M.Awny ": {"W3-Sat_3Al": {"OCT": 34, "RATIO": 55.73770491803278}}, "M.Ahmed Amien": {"A1_Sun_3": {"OCT": 36, "RATIO": 59.01639344262295}, "A2_Sat_3": {"OCT": 28, "RATIO": 53.84615384615385}}, "M.Basem Rashed": {"B2_Sat_8-Al": {"OCT": 32, "RATIO": 35.95505617977528}, " B2_Sun_7_NO": {"OCT": 24, "RATIO": 44.44444444444444}, "B3_Sun_3_NO": {"OCT": 42, "RATIO": 56.75675675675676}, "B3_Sat_6_Private_Al": {"OCT": 22, "RATIO": 56.41025641025641}, "B2_Sun_8_NO": {"OCT": 46, "RATIO": 52.27272727272727}, "B2_Sat_7_Al": {"OCT": 44, "RATIO": 48.35164835164835}, "B3_Sun_5_No": {"OCT": 40, "RATIO": 50.63291139240506}, "B3_Sun_6_Private_NO": {"OCT": 20, "RATIO": 51.28205128205128}}, "M.Mahmoud Elbiasy": {"M2-SUN-7-NO": {"OCT": 1, "RATIO": 14.285714285714285}, "M3-Sat4-Al": {"OCT": 0, "RATIO": 0.0}, "M1-SUN-8-NO": {"OCT": 1, "RATIO": 16.666666666666664}, "M3-Sat-3-Al": {"OCT": 0, "RATIO": 0.0}}, "M- Rania Sherif": {"R1_Sat_Fri_2": {"OCT": 1, "RATIO": 20.0}}, "M.Moustafa Elzaabaly": {"Z2_tue_\u0645\u064a\u0643\u0627\u0646\u064a\u0643\u0627 4": {"OCT": 5, "RATIO": 20.0}, "Z1_Sun_7-HA": {"OCT": 25, "RATIO": 44.642857142857146}, "Z1_ Sun_6_NO": {"OCT": 27, "RATIO": 52.94117647058824}, "Z2_Sun_\u0627\u062f\u0628\u064a2": {"OCT": 5, "RATIO": 35.714285714285715}, "Z3_Sun_12": {"OCT": 1, "RATIO": 12.5}, "Z2-Sun-5-NO": {"OCT": 7, "RATIO": 22.58064516129032}}}